time,cadence,heartrate,distance,altitude,lat,lng,velocity_smooth,temp,GarminRunCadenceSpm
0,0,77,0.0,121.6,,,0.0,30,0.0
1,0,78,0.0,121.6,,,0.0,30,0.0
2,0,78,0.0,121.4,,,0.0,30,0.0
3,0,78,0.0,121.4,,,0.0,30,0.0
4,0,78,0.0,121.2,,,0.0,30,0.0
5,0,78,0.0,121.0,,,0.0,30,0.0
6,0,79,0.0,121.0,,,0.0,30,0.0
7,0,79,0.0,121.0,,,0.0,30,0.0
8,0,79,0.0,121.0,,,0.0,30,0.0
9,0,79,0.0,121.0,33.927944,-117.89345,0.0,30,0.0
10,49,79,2.3,121.0,33.92797,-117.89347,0.0,30,98.0
11,49,79,2.3,120.8,33.92797,-117.89347,1.138,30,98.0
12,49,80,2.3,120.8,33.927956,-117.89345,1.157,30,98.0
13,49,80,3.65,120.8,33.92797,-117.89344,1.306,30,98.0
14,49,80,6.45,120.6,33.927994,-117.89345,1.306,30,98.0
15,48,80,7.51,120.6,33.928005,-117.893456,1.362,30,96.0
16,48,80,8.52,120.6,33.928013,-117.893456,1.418,30,96.0
17,50,80,9.68,120.6,33.92802,-117.89345,1.418,30,100.0
18,51,79,10.85,120.6,33.928032,-117.89344,1.344,30,102.0
19,51,80,11.91,120.6,33.928043,-117.89344,1.344,30,102.0
20,53,80,13.37,120.6,33.92805,-117.89343,1.344,30,106.0
21,53,81,14.17,120.4,33.928062,-117.893425,1.334,30,106.0
22,53,81,15.32,120.4,33.928074,-117.89342,1.316,30,106.0
23,53,82,16.94,120.4,33.928085,-117.89341,1.297,30,106.0
24,53,82,18.42,120.4,33.928097,-117.89341,1.288,30,106.0
25,53,82,19.68,120.4,33.928104,-117.8934,1.325,30,106.0
26,52,82,21.06,120.4,33.928116,-117.893394,1.334,30,104.0
27,52,82,22.48,120.4,33.928127,-117.893394,1.334,30,104.0
28,52,82,23.9,120.2,33.928143,-117.89339,1.344,30,104.0
29,52,82,25.18,120.2,33.928154,-117.89339,1.353,30,104.0
30,52,82,26.59,120.2,33.92816,-117.89338,1.353,30,104.0
31,52,82,27.77,120.2,33.928173,-117.89338,1.353,30,104.0
32,52,82,29.07,120.2,33.928185,-117.89338,1.353,30,104.0
33,53,83,30.54,120.2,33.928196,-117.89337,1.353,30,106.0
34,53,82,31.89,120.2,33.928207,-117.893364,1.353,30,106.0
35,53,82,32.75,120.2,33.928215,-117.893364,1.353,30,106.0
36,53,82,33.67,120.2,33.928223,-117.89336,1.353,30,106.0
37,53,82,34.57,120.0,33.928234,-117.89336,1.344,30,106.0
38,53,82,35.44,120.0,33.92824,-117.89335,1.325,30,106.0
39,53,82,36.61,120.0,33.928253,-117.89335,1.297,30,106.0
40,53,82,37.84,120.0,33.928265,-117.89335,1.269,30,106.0
41,53,83,38.95,120.0,33.928272,-117.89335,1.269,30,106.0
42,53,83,40.06,120.0,33.928288,-117.89335,1.269,30,106.0
43,53,83,42.18,120.0,33.9283,-117.89334,1.269,30,106.0
44,53,83,43.04,120.0,33.92831,-117.89334,1.269,30,106.0
45,53,83,44.27,120.0,33.92832,-117.89334,1.288,30,106.0
46,53,83,45.4,120.0,33.928333,-117.89334,1.288,30,106.0
47,52,83,46.8,120.0,33.92835,-117.89334,1.278,30,104.0
48,52,83,48.4,119.8,33.92836,-117.89335,1.278,30,104.0
49,52,83,49.67,119.8,33.92837,-117.89335,1.278,30,104.0
50,53,83,51.08,119.6,33.928383,-117.89336,1.288,30,106.0
51,53,83,52.47,119.6,33.928394,-117.893364,1.288,30,106.0
52,54,83,53.94,119.6,33.928406,-117.89337,1.288,30,108.0
53,54,83,55.46,119.6,33.928417,-117.89338,1.288,30,108.0
54,54,83,57.01,119.6,33.92843,-117.89339,1.297,30,108.0
55,55,82,58.27,119.6,33.92844,-117.893394,1.306,30,110.0
56,55,83,59.53,119.6,33.92845,-117.893394,1.306,30,110.0
57,55,83,61.02,119.6,33.928467,-117.8934,1.306,30,110.0
58,53,82,62.62,119.6,33.92848,-117.89341,1.316,30,106.0
59,52,83,64.17,119.6,33.92849,-117.89341,1.316,30,104.0
60,53,82,65.41,119.6,33.9285,-117.89342,1.325,30,106.0
61,53,82,66.78,119.6,33.928513,-117.893425,1.325,30,106.0
62,54,83,68.04,119.6,33.928524,-117.89343,1.325,30,108.0
63,54,83,69.52,119.6,33.92853,-117.89345,1.325,30,108.0
64,54,83,71.1,119.6,33.92854,-117.893456,1.325,30,108.0
65,54,83,72.48,119.6,33.928543,-117.89347,1.334,30,108.0
66,53,83,73.56,119.6,33.928543,-117.89348,1.334,30,106.0
67,53,84,74.76,119.8,33.92855,-117.89349,1.334,30,106.0
68,53,84,76.16,119.8,33.928555,-117.89351,1.334,30,106.0
69,51,84,77.42,119.8,33.928562,-117.893524,1.334,30,102.0
70,51,84,78.82,119.8,33.92857,-117.89353,1.334,30,102.0
71,52,84,80.16,119.8,33.928577,-117.89355,1.325,30,104.0
72,53,84,81.49,119.8,33.92859,-117.893555,1.325,30,106.0
73,53,83,82.64,119.8,33.9286,-117.893555,1.325,30,106.0
74,53,83,83.65,119.8,33.928608,-117.89356,1.325,30,106.0
75,54,83,84.74,120.0,33.928623,-117.89356,1.325,30,108.0
76,54,83,85.91,120.0,33.92863,-117.893555,1.325,30,108.0
77,54,83,87.53,120.2,33.928646,-117.893555,1.325,30,108.0
78,52,83,89.17,120.2,33.92866,-117.89355,1.325,30,104.0
79,51,83,90.64,120.2,33.928673,-117.89355,1.325,30,102.0
80,51,83,91.92,120.2,33.928684,-117.89354,1.325,30,102.0
81,49,83,93.16,120.2,33.928696,-117.89353,1.325,30,98.0
82,50,84,94.89,120.4,33.92871,-117.89353,1.325,30,100.0
83,50,83,96.49,120.4,33.928722,-117.893524,1.325,30,100.0
84,51,84,97.79,120.4,33.92873,-117.89352,1.325,30,102.0
85,52,84,98.95,120.4,33.92874,-117.89352,1.334,30,104.0
86,52,84,100.06,120.4,33.92875,-117.89351,1.334,30,104.0
87,52,84,101.06,120.4,33.92876,-117.89351,1.334,30,104.0
88,53,85,102.17,120.4,33.92877,-117.8935,1.334,30,106.0
89,53,85,103.18,120.4,33.92878,-117.8935,1.325,30,106.0
90,53,85,104.44,120.6,33.92879,-117.89349,1.325,30,106.0
91,51,85,105.64,120.6,33.928802,-117.89349,1.316,30,102.0
92,51,84,107.04,120.6,33.928814,-117.893486,1.316,30,102.0
93,52,85,108.43,120.6,33.92883,-117.893486,1.316,30,104.0
94,52,85,110.33,120.6,33.928844,-117.89348,1.316,30,104.0
95,53,85,111.53,120.6,33.928852,-117.89348,1.316,30,106.0
96,53,85,112.93,120.6,33.928864,-117.89348,1.325,30,106.0
97,53,85,114.18,120.6,33.928875,-117.89347,1.325,30,106.0
98,53,86,115.2,120.6,33.928883,-117.89347,1.325,30,106.0
99,52,86,116.42,120.8,33.928894,-117.89346,1.325,30,104.0
100,51,86,117.78,120.8,33.928905,-117.89346,1.325,30,102.0
101,51,86,119.19,120.8,33.92892,-117.893456,1.316,30,102.0
102,51,87,120.97,120.8,33.928936,-117.89345,1.325,30,102.0
103,51,87,122.45,120.8,33.928947,-117.89345,1.325,30,102.0
104,53,87,123.83,120.8,33.92896,-117.89344,1.325,30,106.0
105,53,87,125.39,120.8,33.92897,-117.89344,1.334,30,106.0
106,54,87,126.62,120.8,33.92898,-117.89343,1.334,30,108.0
107,54,88,128.15,120.8,33.928997,-117.89343,1.334,30,108.0
108,54,88,129.57,120.8,33.92901,-117.893425,1.334,30,108.0
109,53,88,130.99,120.8,33.92902,-117.893425,1.344,30,106.0
110,53,88,132.26,120.8,33.92903,-117.893425,1.344,30,106.0
111,52,89,133.38,120.8,33.92904,-117.893425,1.344,30,104.0
112,52,89,134.39,120.8,33.929047,-117.89342,1.344,30,104.0
113,53,90,135.26,120.8,33.929058,-117.89342,1.344,30,106.0
114,52,90,136.31,120.8,33.929066,-117.89342,1.334,30,104.0
115,51,90,137.64,121.0,33.929077,-117.89341,1.334,30,102.0
116,51,91,138.74,121.0,33.92909,-117.89341,1.325,30,102.0
117,50,91,139.62,121.0,33.9291,-117.8934,1.325,30,100.0
118,51,91,141.17,121.2,33.92911,-117.8934,1.325,30,102.0
119,51,92,142.59,121.2,33.929123,-117.8934,1.316,30,102.0
120,52,92,143.96,121.2,33.92914,-117.8934,1.316,30,104.0
121,52,92,145.4,121.2,33.92915,-117.893394,1.316,30,104.0
122,52,92,147.17,121.2,33.929165,-117.893394,1.316,30,104.0
123,52,92,148.42,121.2,33.929173,-117.893394,1.316,30,104.0
124,52,92,149.94,121.2,33.929188,-117.89339,1.325,30,104.0
125,51,92,151.1,121.2,33.9292,-117.89339,1.325,30,102.0
126,52,92,152.39,121.2,33.92921,-117.89338,1.325,30,104.0
127,52,93,153.73,121.2,33.929226,-117.89337,1.325,30,104.0
128,52,93,155.48,121.2,33.92924,-117.89337,1.325,30,104.0
129,52,93,157.15,121.2,33.929253,-117.89337,1.325,30,104.0
130,52,93,158.65,121.4,33.929268,-117.893364,1.334,30,104.0
131,52,94,160.37,121.4,33.929283,-117.893364,1.344,30,104.0
132,52,94,161.97,121.4,33.929295,-117.893364,1.344,30,104.0
133,52,94,163.06,121.4,33.929302,-117.893364,1.353,30,104.0
134,52,94,164.02,121.4,33.929314,-117.89336,1.353,30,104.0
135,52,94,165.11,121.4,33.92932,-117.89336,1.353,30,104.0
136,53,94,166.32,121.4,33.92933,-117.89335,1.353,30,106.0
137,53,94,167.55,121.4,33.92934,-117.89335,1.353,30,106.0
138,53,94,168.65,121.4,33.92935,-117.89334,1.344,30,106.0
139,52,94,169.93,121.6,33.929363,-117.89333,1.344,30,104.0
140,52,94,171.0,121.6,33.929375,-117.89333,1.344,30,104.0
141,52,94,172.42,121.6,33.92939,-117.89333,1.344,30,104.0
142,52,94,174.04,121.8,33.929405,-117.893326,1.334,30,104.0
143,52,94,175.75,121.8,33.92942,-117.893326,1.334,30,104.0
144,52,94,177.17,121.8,33.929432,-117.89332,1.344,30,104.0
145,52,94,178.55,122.0,33.929443,-117.89332,1.344,30,104.0
146,52,94,179.8,122.0,33.92946,-117.89332,1.344,30,104.0
147,53,94,181.42,122.2,33.92947,-117.89332,1.344,30,106.0
148,53,94,182.75,122.2,33.92948,-117.89331,1.344,30,106.0
149,52,94,184.1,122.4,33.92949,-117.89331,1.344,30,104.0
150,52,94,185.18,122.4,33.9295,-117.8933,1.344,30,104.0
151,52,94,186.27,122.6,33.92951,-117.893295,1.344,30,104.0
152,52,94,187.28,122.6,33.929516,-117.89329,1.344,30,104.0
153,52,94,187.94,122.8,33.929523,-117.89329,1.344,30,104.0
154,52,94,189.06,123.0,33.929535,-117.89328,1.344,30,104.0
155,52,95,190.0,123.2,33.92954,-117.89328,1.334,30,104.0
156,52,95,190.88,123.4,33.929546,-117.89328,1.334,30,104.0
157,52,95,192.12,123.6,33.929558,-117.89327,1.334,30,104.0
158,52,95,193.36,123.6,33.92957,-117.893265,1.325,30,104.0
159,0,96,194.96,123.8,33.92958,-117.89325,1.325,30,0.0
160,0,96,196.54,123.8,33.929592,-117.89324,1.316,30,0.0
161,0,96,197.82,123.8,33.9296,-117.893234,1.316,30,0.0
162,0,96,199.51,123.8,33.92961,-117.89322,1.316,30,0.0
163,0,97,200.9,124.0,33.92962,-117.89321,1.316,30,0.0
164,0,97,202.22,124.0,33.929626,-117.8932,1.325,30,0.0
165,0,98,203.54,124.2,33.929634,-117.893196,1.325,30,0.0
166,0,98,204.58,124.4,33.92964,-117.89318,1.325,30,0.0
167,50,98,205.97,124.4,33.929653,-117.89317,1.325,30,100.0
168,50,99,207.48,124.6,33.92966,-117.893166,1.316,30,100.0
169,50,99,208.6,124.6,33.929665,-117.89315,1.316,30,100.0
170,50,99,209.55,124.8,33.92967,-117.89314,1.316,30,100.0
171,50,99,210.44,124.8,33.929672,-117.893135,1.316,30,100.0
172,50,98,211.54,124.8,33.929676,-117.89312,1.316,30,100.0
173,50,98,212.42,125.0,33.92968,-117.89311,1.306,30,100.0
174,50,98,213.52,125.0,33.929684,-117.8931,1.306,30,100.0
175,49,98,214.48,125.2,33.929688,-117.89309,1.297,30,98.0
176,49,98,215.89,125.4,33.929695,-117.89308,1.297,30,98.0
177,49,97,217.04,125.4,33.9297,-117.89307,1.288,30,98.0
178,49,97,218.53,125.6,33.92971,-117.89305,1.288,30,98.0
179,50,97,219.99,125.6,33.929718,-117.89304,1.288,30,100.0
180,51,97,221.46,125.8,33.929726,-117.89303,1.288,30,102.0
181,51,97,223.01,125.8,33.929733,-117.89301,1.288,30,102.0
182,51,96,224.27,126.0,33.929737,-117.893005,1.297,30,102.0
183,50,96,225.73,126.0,33.929745,-117.89299,1.297,30,100.0
184,50,96,227.04,126.2,33.929752,-117.892975,1.297,30,100.0
185,50,96,228.21,126.2,33.929756,-117.89297,1.297,30,100.0
186,50,97,229.38,126.4,33.92976,-117.89295,1.297,30,100.0
187,51,96,230.61,126.4,33.929768,-117.892944,1.297,30,102.0
188,51,97,231.89,126.6,33.92977,-117.89293,1.297,30,102.0
189,51,97,232.95,126.6,33.929775,-117.89292,1.297,30,102.0
190,51,97,233.88,126.8,33.92978,-117.89291,1.297,30,102.0
191,49,97,235.12,126.8,33.929783,-117.8929,1.288,30,98.0
192,49,98,236.51,127.0,33.929787,-117.89288,1.288,30,98.0
193,49,98,237.76,127.2,33.92979,-117.89287,1.288,29,98.0
194,49,99,239.58,127.2,33.9298,-117.89285,1.288,29,98.0
195,50,99,241.15,127.4,33.929802,-117.89284,1.288,30,100.0
196,50,99,242.33,127.4,33.92981,-117.89282,1.288,30,100.0
197,51,99,243.63,127.6,33.929813,-117.89281,1.288,30,102.0
198,51,100,245.35,127.8,33.92982,-117.89279,1.288,30,102.0
199,51,100,246.95,128.0,33.929825,-117.89278,1.297,30,102.0
200,50,100,248.35,128.2,33.92983,-117.89277,1.297,30,100.0
201,50,100,249.16,128.4,33.929832,-117.89275,1.297,30,100.0
202,50,100,250.17,128.4,33.929836,-117.892746,1.297,30,100.0
203,50,100,251.2,128.4,33.92984,-117.89274,1.297,29,100.0
204,50,100,251.98,128.4,33.929844,-117.89273,1.297,30,100.0
205,0,101,252.55,128.4,33.92985,-117.89273,1.297,30,0.0
206,0,101,253.56,128.4,33.929855,-117.89272,1.297,30,0.0
207,0,102,254.79,128.6,33.92986,-117.89271,1.288,29,0.0
208,0,102,256.63,128.6,33.929867,-117.892685,1.288,30,0.0
209,0,103,258.16,128.6,33.92987,-117.89267,1.278,29,0.0
210,50,104,259.81,128.8,33.92988,-117.892654,1.288,29,100.0
211,50,104,261.28,128.8,33.929882,-117.89264,1.288,30,100.0
212,51,104,262.91,129.0,33.92989,-117.89263,1.288,30,102.0
213,51,105,263.76,129.0,33.929893,-117.89262,1.288,30,102.0
214,51,105,264.88,129.2,33.929893,-117.89259,1.288,30,102.0
215,51,105,266.49,129.2,33.929897,-117.89258,1.288,30,102.0
216,51,106,267.93,129.2,33.929893,-117.89256,1.288,30,102.0
217,52,106,269.35,129.4,33.929893,-117.89255,1.288,30,104.0
218,52,107,270.61,129.6,33.929886,-117.89253,1.288,30,104.0
219,52,107,271.7,129.6,33.929882,-117.89252,1.288,30,104.0
220,52,107,272.55,129.8,33.929874,-117.89251,1.288,29,104.0
221,52,107,273.92,130.0,33.929863,-117.8925,1.288,30,104.0
222,50,107,274.74,130.0,33.929855,-117.892494,1.288,29,100.0
223,50,107,276.49,130.0,33.929844,-117.89248,1.288,29,100.0
224,50,107,278.55,130.0,33.929832,-117.89247,1.288,30,100.0
225,51,108,280.02,130.0,33.92982,-117.89246,1.288,30,102.0
226,51,108,281.21,130.0,33.92981,-117.892456,1.297,29,102.0
227,52,108,282.84,130.0,33.9298,-117.89245,1.297,30,104.0
228,51,109,284.01,130.0,33.92979,-117.89245,1.297,29,102.0
229,51,109,284.87,130.0,33.92978,-117.89244,1.297,29,102.0
230,51,109,285.87,130.0,33.92977,-117.89244,1.297,29,102.0
231,51,110,287.29,130.0,33.929756,-117.89243,1.297,29,102.0
232,51,110,288.65,130.0,33.929745,-117.892426,1.288,29,102.0
233,51,110,290.18,130.0,33.92973,-117.892426,1.288,29,102.0
234,52,110,291.99,130.2,33.929718,-117.89242,1.288,29,104.0
235,52,110,293.59,130.2,33.929703,-117.89241,1.288,29,104.0
236,52,111,294.77,130.2,33.929695,-117.89241,1.297,29,104.0
237,52,110,295.9,130.2,33.929684,-117.8924,1.297,29,104.0
238,52,110,297.08,130.2,33.929676,-117.8924,1.297,29,104.0
239,52,110,298.45,130.2,33.929665,-117.892395,1.297,29,104.0
240,53,109,299.91,130.2,33.929653,-117.89239,1.297,29,106.0
241,53,109,301.21,130.2,33.929646,-117.89239,1.297,29,106.0
242,54,108,302.13,130.2,33.929638,-117.89238,1.297,29,108.0
243,54,108,303.01,130.2,33.92963,-117.89237,1.297,29,108.0
244,54,107,303.95,130.2,33.92962,-117.892365,1.297,29,108.0
245,53,107,305.49,130.2,33.929607,-117.89236,1.288,29,106.0
246,54,106,306.81,130.2,33.929596,-117.89236,1.288,29,108.0
247,54,104,308.19,130.2,33.92958,-117.89235,1.288,29,108.0
248,54,104,309.45,130.2,33.92957,-117.89234,1.288,29,108.0
249,54,104,311.12,130.2,33.929554,-117.892334,1.288,29,108.0
250,55,103,313.14,130.2,33.92954,-117.89233,1.288,29,110.0
251,54,103,314.82,130.2,33.929527,-117.89233,1.288,29,108.0
252,54,103,316.34,130.2,33.929516,-117.89232,1.297,29,108.0
253,54,102,317.7,130.4,33.929504,-117.89231,1.297,29,108.0
254,53,102,318.99,130.4,33.929497,-117.8923,1.297,29,106.0
255,53,102,320.22,130.4,33.929485,-117.892296,1.306,29,106.0
256,52,102,321.41,130.4,33.929478,-117.89229,1.306,29,104.0
257,52,102,322.69,130.4,33.929466,-117.89229,1.306,29,104.0
258,53,102,323.9,130.4,33.92946,-117.89228,1.306,29,106.0
259,53,101,324.79,130.4,33.92945,-117.89227,1.306,29,106.0
260,53,101,325.79,130.4,33.92944,-117.89227,1.306,29,106.0
261,53,101,327.49,130.4,33.929424,-117.892265,1.306,29,106.0
262,53,101,328.91,130.4,33.929417,-117.892265,1.306,29,106.0
263,52,101,329.85,130.4,33.92941,-117.89226,1.306,29,104.0
264,52,101,330.83,130.4,33.929398,-117.89225,1.306,29,104.0
265,52,101,332.17,130.4,33.929386,-117.89225,1.306,29,104.0
266,52,101,333.4,130.4,33.92938,-117.89224,1.297,29,104.0
267,53,101,334.74,130.4,33.929367,-117.892235,1.297,29,106.0
268,54,101,336.44,130.4,33.929356,-117.89223,1.297,29,108.0
269,54,101,337.61,130.4,33.929344,-117.89222,1.297,29,108.0
270,54,101,339.31,130.4,33.929333,-117.89221,1.306,29,108.0
271,54,101,340.68,130.6,33.929317,-117.8922,1.306,29,108.0
272,53,101,342.39,130.6,33.929302,-117.8922,1.306,29,106.0
273,53,101,343.8,130.6,33.92929,-117.89219,1.306,29,106.0
274,52,101,345.21,130.6,33.929283,-117.89219,1.306,29,104.0
275,52,101,346.1,130.6,33.92928,-117.89219,1.316,29,104.0
276,52,100,347.05,130.6,33.92927,-117.89219,1.316,29,104.0
277,52,101,347.35,130.4,33.929268,-117.8922,1.306,29,104.0
278,0,101,347.35,130.6,33.929268,-117.89219,1.306,29,0.0
279,0,101,347.4,130.6,33.929268,-117.89219,1.297,29,0.0
280,0,100,347.73,130.6,33.929264,-117.89218,1.288,29,0.0
281,0,101,348.46,130.6,33.929253,-117.89217,1.288,29,0.0
282,0,100,349.96,130.4,33.92924,-117.892166,1.26,29,0.0
283,0,100,352.23,130.4,33.929226,-117.892166,1.241,29,0.0
284,0,99,353.32,130.4,33.92921,-117.89216,1.241,29,0.0
285,0,98,354.74,130.4,33.9292,-117.89215,1.362,29,0.0
286,0,97,356.71,130.4,33.929184,-117.89215,1.381,29,0.0
287,0,96,358.62,130.6,33.929173,-117.89214,1.381,29,0.0
288,55,96,359.73,130.6,33.92916,-117.89214,1.577,29,110.0
289,55,95,361.08,130.6,33.92915,-117.89214,1.586,29,110.0
290,54,95,362.49,130.6,33.92914,-117.892136,1.381,29,108.0
291,53,94,363.53,130.6,33.92913,-117.892136,1.353,29,106.0
292,53,94,364.87,130.6,33.929115,-117.89213,1.344,29,106.0
293,53,94,366.48,130.6,33.929108,-117.89212,1.288,29,106.0
294,52,94,367.3,130.6,33.9291,-117.89211,1.288,29,104.0
295,52,94,368.54,130.6,33.929092,-117.8921,1.278,29,104.0
296,53,95,369.73,130.6,33.929085,-117.89209,1.241,29,106.0
297,53,95,371.23,130.6,33.929077,-117.89208,1.241,29,106.0
298,53,95,372.3,130.6,33.92907,-117.892075,1.241,29,106.0
299,53,95,373.35,130.6,33.929058,-117.89207,1.26,29,106.0
300,53,95,374.46,130.6,33.92905,-117.89206,1.26,29,106.0
301,53,95,375.85,130.6,33.92904,-117.89205,1.25,29,106.0
302,53,94,377.3,130.6,33.92903,-117.892044,1.241,29,106.0
303,53,95,378.6,130.6,33.929024,-117.89204,1.241,29,106.0
304,53,95,379.61,130.6,33.929012,-117.89203,1.25,29,106.0
305,53,95,380.88,130.6,33.929,-117.89202,1.25,29,106.0
306,53,96,382.48,130.6,33.928993,-117.892006,1.241,29,106.0
307,52,96,384.07,130.6,33.92898,-117.892,1.241,29,104.0
308,52,96,385.32,130.6,33.928974,-117.89199,1.25,29,104.0
309,52,96,386.62,130.6,33.928963,-117.89198,1.26,29,104.0
310,52,96,387.82,130.6,33.928955,-117.891975,1.26,29,104.0
311,53,96,389.12,130.6,33.928947,-117.89196,1.26,29,106.0
312,53,96,390.31,130.6,33.92894,-117.89196,1.26,29,106.0
313,54,96,391.34,130.6,33.928932,-117.891945,1.26,29,108.0
314,54,96,393.0,130.6,33.92892,-117.89194,1.26,29,108.0
315,54,96,394.34,130.6,33.92891,-117.89193,1.26,29,108.0
316,54,96,395.55,130.6,33.9289,-117.891914,1.26,29,108.0
317,53,96,396.56,130.6,33.928894,-117.89191,1.269,29,106.0
318,53,95,397.88,130.8,33.928883,-117.8919,1.269,29,106.0
319,52,96,399.16,130.6,33.92887,-117.89189,1.26,29,104.0
320,53,95,401.13,130.8,33.928856,-117.89188,1.26,29,106.0
321,53,95,403.02,130.8,33.928844,-117.89187,1.26,29,106.0
322,53,96,404.92,130.8,33.928833,-117.89186,1.269,29,106.0
323,53,96,406.0,130.8,33.928825,-117.89185,1.288,29,106.0
324,53,96,406.83,130.8,33.92882,-117.891846,1.306,29,106.0
325,53,96,408.15,130.8,33.92881,-117.89184,1.306,29,106.0
326,54,97,409.38,130.8,33.928802,-117.89184,1.306,29,108.0
327,54,97,410.57,130.8,33.92879,-117.89183,1.306,29,108.0
328,54,97,411.7,130.8,33.928783,-117.89182,1.306,29,108.0
329,53,98,412.87,130.8,33.928772,-117.891815,1.306,29,106.0
330,53,98,413.59,130.8,33.928764,-117.89181,1.306,29,106.0
331,53,99,414.93,130.8,33.928753,-117.8918,1.297,29,106.0
332,53,99,416.65,130.8,33.92874,-117.89179,1.297,29,106.0
333,53,99,417.86,130.8,33.928734,-117.891785,1.288,29,106.0
334,53,99,418.81,130.8,33.928726,-117.891785,1.297,29,106.0
335,53,100,419.93,130.8,33.928715,-117.89178,1.288,29,106.0
336,53,100,421.21,130.8,33.928707,-117.89176,1.288,29,106.0
337,53,100,422.77,130.8,33.9287,-117.891754,1.288,29,106.0
338,53,100,423.91,130.8,33.92869,-117.89174,1.288,29,106.0
339,54,99,425.39,130.8,33.92868,-117.89173,1.288,29,108.0
340,53,100,427.07,130.8,33.928673,-117.891716,1.288,29,106.0
341,53,100,428.45,130.8,33.92867,-117.8917,1.288,29,106.0
342,53,100,430.0,130.8,33.92866,-117.89169,1.288,29,106.0
343,53,100,431.45,130.6,33.928654,-117.891685,1.297,29,106.0
344,53,100,432.46,130.6,33.928646,-117.89168,1.297,29,106.0
345,53,100,433.56,130.6,33.928642,-117.89166,1.297,29,106.0
346,53,100,434.42,130.6,33.92864,-117.891655,1.297,29,106.0
347,53,100,435.2,130.6,33.92863,-117.89165,1.297,29,106.0
348,53,100,436.6,130.6,33.928623,-117.89163,1.297,29,106.0
349,51,100,438.27,130.6,33.928616,-117.89162,1.297,29,102.0
350,51,100,439.79,130.6,33.928604,-117.89161,1.297,29,102.0
351,51,100,440.88,130.6,33.928593,-117.8916,1.297,29,102.0
352,51,100,442.32,130.8,33.92858,-117.891594,1.297,29,102.0
353,52,100,443.76,130.8,33.92857,-117.891594,1.297,29,104.0
354,53,100,445.26,130.8,33.928555,-117.89158,1.297,29,106.0
355,53,101,446.83,130.8,33.928543,-117.89157,1.297,29,106.0
356,53,101,448.31,130.8,33.928535,-117.89156,1.297,29,106.0
357,53,101,450.19,130.8,33.92852,-117.891556,1.306,29,106.0
358,53,100,451.91,130.8,33.92851,-117.89154,1.306,29,106.0
359,53,100,453.53,130.8,33.928497,-117.89153,1.306,29,106.0
360,53,100,454.93,130.8,33.928486,-117.891525,1.316,29,106.0
361,53,100,456.74,130.8,33.92848,-117.89152,1.325,29,106.0
362,53,100,458.01,130.8,33.928467,-117.89151,1.325,29,106.0
363,53,100,459.11,130.8,33.928455,-117.8915,1.334,29,106.0
364,53,100,460.65,130.8,33.928444,-117.891495,1.344,29,106.0
365,53,100,462.24,130.8,33.92843,-117.89149,1.344,29,106.0
366,53,100,464.17,130.6,33.928417,-117.89147,1.344,29,106.0
367,53,100,465.58,130.6,33.928406,-117.891464,1.353,29,106.0
368,53,100,467.26,130.4,33.928394,-117.89146,1.353,29,106.0
369,53,100,468.91,130.4,33.928383,-117.89145,1.362,29,106.0
370,54,100,470.18,130.4,33.928375,-117.89144,1.362,29,108.0
371,55,100,471.22,130.4,33.928368,-117.89143,1.362,29,110.0
372,55,101,472.27,130.4,33.928356,-117.891426,1.362,29,110.0
373,55,101,473.4,130.4,33.92835,-117.89142,1.362,29,110.0
374,55,101,474.64,130.4,33.92834,-117.89141,1.362,29,110.0
375,55,101,475.84,130.4,33.928333,-117.891396,1.362,29,110.0
376,53,101,477.29,130.4,33.928326,-117.89139,1.353,29,106.0
377,53,101,478.79,130.4,33.928318,-117.89137,1.353,29,106.0
378,54,101,480.16,130.2,33.92831,-117.891365,1.353,29,108.0
379,54,100,481.61,130.4,33.9283,-117.89135,1.362,29,108.0
380,55,101,482.95,130.4,33.92829,-117.89134,1.362,29,110.0
381,55,101,484.37,130.4,33.928284,-117.89133,1.362,29,110.0
382,55,101,485.96,130.4,33.928276,-117.89131,1.362,29,110.0
383,55,101,487.13,130.4,33.928272,-117.891304,1.362,29,110.0
384,54,101,488.7,130.4,33.92826,-117.89129,1.362,29,108.0
385,53,101,490.04,130.4,33.928253,-117.89128,1.372,29,106.0
386,53,101,491.12,130.4,33.92825,-117.89127,1.372,29,106.0
387,53,101,492.38,130.6,33.92824,-117.89126,1.372,29,106.0
388,53,101,493.75,130.6,33.928234,-117.89125,1.372,29,106.0
389,53,100,495.01,130.4,33.928223,-117.89124,1.362,29,106.0
390,53,100,496.06,130.4,33.928215,-117.891235,1.362,29,106.0
391,54,100,497.09,130.4,33.92821,-117.89122,1.362,29,108.0
392,54,100,498.66,130.4,33.9282,-117.89121,1.362,29,108.0
393,54,100,500.15,130.4,33.928192,-117.8912,1.362,29,108.0
394,54,101,501.74,130.4,33.928185,-117.89118,1.362,29,108.0
395,53,100,503.05,130.4,33.928177,-117.891174,1.362,29,106.0
396,53,101,504.43,130.4,33.92817,-117.89116,1.362,29,106.0
397,53,101,506.19,130.4,33.92816,-117.89114,1.362,29,106.0
398,53,101,507.6,130.4,33.928154,-117.891136,1.362,29,106.0
399,53,101,508.94,130.4,33.928146,-117.89112,1.372,29,106.0
400,53,101,510.33,130.4,33.92814,-117.891106,1.372,29,106.0
401,54,101,511.59,130.4,33.92813,-117.8911,1.372,29,108.0
402,55,101,513.07,130.4,33.928123,-117.89109,1.372,29,110.0
403,55,101,514.59,130.4,33.928116,-117.891075,1.372,29,110.0
404,55,101,515.82,130.4,33.92811,-117.89107,1.372,29,110.0
405,55,101,516.92,130.4,33.928104,-117.89105,1.372,29,110.0
406,55,101,518.05,130.4,33.9281,-117.891045,1.372,29,110.0
407,55,101,519.02,130.4,33.928093,-117.89104,1.372,29,110.0
408,55,101,520.2,130.4,33.928085,-117.89102,1.362,29,110.0
409,55,101,521.6,130.4,33.928078,-117.891014,1.362,29,110.0
410,55,101,522.91,130.4,33.92807,-117.891,1.362,29,110.0
411,55,101,524.48,130.2,33.928066,-117.89098,1.362,29,110.0
412,55,101,525.84,130.2,33.92806,-117.890976,1.362,29,110.0
413,55,101,526.95,130.2,33.92805,-117.89096,1.362,29,110.0
414,55,100,528.62,130.2,33.928047,-117.890945,1.362,29,110.0
415,55,101,530.18,130.2,33.92804,-117.89093,1.362,29,110.0
416,54,101,531.72,130.2,33.928032,-117.890915,1.362,29,108.0
417,53,101,533.23,130.2,33.928024,-117.89091,1.362,29,106.0
418,53,101,534.26,130.2,33.928017,-117.8909,1.362,29,106.0
419,53,101,535.55,130.2,33.928013,-117.890884,1.362,29,106.0
420,54,101,536.97,130.2,33.928005,-117.89087,1.362,29,108.0
421,54,102,538.24,130.2,33.927998,-117.89086,1.362,29,108.0
422,54,102,539.68,130.2,33.92799,-117.89085,1.362,29,108.0
423,54,102,541.19,130.2,33.927982,-117.89083,1.362,29,108.0
424,54,102,542.76,130.2,33.927975,-117.890816,1.362,29,108.0
425,54,101,544.19,130.4,33.927967,-117.89081,1.372,29,108.0
426,54,101,545.67,130.4,33.92796,-117.89079,1.372,29,108.0
427,54,102,546.85,130.4,33.927956,-117.890785,1.372,29,108.0
428,53,102,548.19,130.4,33.927948,-117.89077,1.372,29,106.0
429,53,102,549.62,130.4,33.927944,-117.890755,1.372,29,106.0
430,53,102,550.82,130.2,33.927937,-117.89075,1.372,29,106.0
431,53,102,552.12,130.2,33.927933,-117.89073,1.372,29,106.0
432,53,103,553.2,130.2,33.927925,-117.890724,1.372,29,106.0
433,55,103,554.48,130.2,33.927917,-117.89071,1.372,29,110.0
434,55,103,555.8,130.2,33.927914,-117.8907,1.362,29,110.0
435,55,104,557.21,130.2,33.927906,-117.890686,1.362,29,110.0
436,55,104,558.7,130.2,33.927902,-117.89067,1.362,29,110.0
437,55,105,560.09,130.2,33.9279,-117.890656,1.362,29,110.0
438,55,105,561.51,130.2,33.927895,-117.89065,1.362,29,110.0
439,55,105,562.93,130.0,33.927887,-117.89063,1.362,29,110.0
440,55,105,563.81,130.2,33.927883,-117.890625,1.362,29,110.0
441,55,105,564.75,130.2,33.92788,-117.89061,1.362,29,110.0
442,55,106,566.39,130.2,33.92787,-117.890594,1.353,29,110.0
443,53,105,567.83,130.2,33.927868,-117.89058,1.353,29,106.0
444,53,105,569.44,130.2,33.92786,-117.890564,1.353,29,106.0
445,53,105,571.05,130.2,33.927853,-117.89055,1.353,29,106.0
446,53,105,572.35,130.2,33.92785,-117.89054,1.362,29,106.0
447,53,105,573.51,130.2,33.92784,-117.890526,1.362,29,106.0
448,53,105,574.94,130.2,33.927837,-117.89051,1.362,29,106.0
449,55,105,576.38,130.2,33.92783,-117.8905,1.362,29,110.0
450,55,105,577.59,130.2,33.927822,-117.89049,1.362,29,110.0
451,55,105,579.16,130.2,33.92782,-117.89047,1.362,29,110.0
452,55,104,580.69,130.2,33.92781,-117.890465,1.362,29,110.0
453,54,104,581.84,130.2,33.927807,-117.89045,1.362,29,108.0
454,54,104,582.7,130.2,33.927803,-117.89044,1.362,29,108.0
455,55,104,584.02,130.2,33.927795,-117.89043,1.362,29,110.0
456,55,103,585.46,130.2,33.92779,-117.89042,1.353,29,110.0
457,55,102,586.44,130.2,33.927784,-117.89041,1.353,29,110.0
458,56,102,587.47,130.0,33.92778,-117.890396,1.353,29,112.0
459,56,101,588.57,130.0,33.927773,-117.89038,1.344,29,112.0
460,56,101,590.3,130.0,33.927765,-117.89037,1.344,29,112.0
461,56,101,591.55,130.0,33.92776,-117.89036,1.344,29,112.0
462,55,101,593.05,130.0,33.927753,-117.89034,1.344,28,110.0
463,55,100,594.84,130.0,33.92775,-117.89033,1.344,29,110.0
464,55,100,596.39,130.0,33.927742,-117.89031,1.344,28,110.0
465,55,100,597.87,130.0,33.92774,-117.8903,1.344,29,110.0
466,55,100,599.26,130.0,33.927734,-117.89028,1.344,29,110.0
467,54,100,600.8,130.2,33.927727,-117.89027,1.344,29,108.0
468,54,99,601.93,130.2,33.927723,-117.89026,1.353,29,108.0
469,54,97,603.15,130.2,33.92772,-117.89024,1.353,28,108.0
470,53,97,604.31,130.2,33.927715,-117.89023,1.353,28,106.0
471,53,97,605.81,130.2,33.92771,-117.89022,1.353,29,106.0
472,53,98,607.07,130.0,33.927708,-117.890205,1.353,29,106.0
473,54,97,608.54,130.0,33.927704,-117.89019,1.353,28,108.0
474,55,97,610.08,130.0,33.9277,-117.890175,1.353,28,110.0
475,55,97,611.2,130.0,33.927696,-117.89017,1.353,28,110.0
476,55,97,612.16,130.4,33.927692,-117.89015,1.353,28,110.0
477,55,97,612.97,130.4,33.927692,-117.89014,1.353,28,110.0
478,55,97,614.23,130.4,33.92769,-117.89012,1.344,28,110.0
479,55,97,615.84,130.4,33.92768,-117.890114,1.344,29,110.0
480,55,97,617.24,130.2,33.927666,-117.89011,1.344,28,110.0
481,54,97,618.57,130.0,33.927654,-117.89009,1.344,28,108.0
482,54,97,620.53,129.8,33.92764,-117.89008,1.344,28,108.0
483,55,97,622.24,129.6,33.927624,-117.890076,1.344,28,110.0
484,55,97,624.4,129.4,33.927605,-117.89007,1.344,29,110.0
485,56,97,626.6,129.2,33.92759,-117.89007,1.344,28,112.0
486,57,97,628.34,129.0,33.927574,-117.89007,1.353,28,114.0
487,59,97,629.75,129.0,33.927563,-117.89007,1.362,29,118.0
488,59,96,630.8,128.8,33.92755,-117.89007,1.372,28,118.0
489,59,95,632.22,128.6,33.92754,-117.89007,1.372,28,118.0
490,59,94,633.66,128.6,33.927525,-117.890076,1.381,28,118.0
491,58,93,635.32,128.4,33.927513,-117.89008,1.381,28,116.0
492,57,92,636.99,128.2,33.927498,-117.89008,1.39,28,114.0
493,56,92,638.35,128.2,33.927486,-117.89009,1.39,28,112.0
494,56,92,639.77,128.2,33.927475,-117.89009,1.4,28,112.0
495,56,91,641.11,128.0,33.927464,-117.8901,1.4,28,112.0
496,56,91,642.37,128.0,33.927452,-117.8901,1.4,28,112.0
497,56,91,643.66,127.8,33.92744,-117.89011,1.4,28,112.0
498,56,91,644.85,127.8,33.92743,-117.89011,1.4,28,112.0
499,56,91,646.37,127.6,33.927414,-117.890114,1.4,28,112.0
500,56,90,648.08,127.4,33.9274,-117.890114,1.4,28,112.0
501,56,90,649.5,127.4,33.927387,-117.890114,1.4,28,112.0
502,55,90,650.81,127.2,33.927376,-117.89012,1.4,28,110.0
503,55,90,652.29,127.0,33.927364,-117.89012,1.4,28,110.0
504,55,90,653.39,127.0,33.927357,-117.89013,1.4,28,110.0
505,55,89,654.85,126.8,33.92734,-117.89013,1.4,28,110.0
506,56,89,655.76,126.8,33.927334,-117.89014,1.4,28,112.0
507,56,89,656.91,126.6,33.927326,-117.89014,1.4,28,112.0
508,56,89,658.11,126.6,33.927315,-117.890144,1.39,28,112.0
509,56,90,659.19,126.4,33.927303,-117.890144,1.39,28,112.0
510,56,89,660.39,126.2,33.927296,-117.89015,1.39,28,112.0
511,56,89,661.82,126.2,33.92728,-117.89016,1.381,28,112.0
512,56,90,663.02,126.0,33.92727,-117.89017,1.381,28,112.0
513,56,90,664.89,125.8,33.927258,-117.890175,1.381,28,112.0
514,56,90,666.55,125.8,33.927242,-117.89018,1.381,28,112.0
515,56,89,668.17,125.6,33.92723,-117.89018,1.39,28,112.0
516,56,90,669.3,125.6,33.92722,-117.89019,1.39,28,112.0
517,56,90,670.57,125.4,33.92721,-117.89019,1.39,28,112.0
518,56,89,671.38,125.4,33.927204,-117.89018,1.39,28,112.0
519,56,90,672.2,125.4,33.927193,-117.89018,1.39,28,112.0
520,56,89,673.53,125.4,33.92718,-117.89019,1.381,28,112.0
521,55,89,674.88,125.4,33.92717,-117.89019,1.381,28,110.0
522,54,89,676.33,125.4,33.92716,-117.8902,1.381,28,108.0
523,52,89,677.47,125.4,33.927147,-117.8902,1.372,28,104.0
524,52,89,678.64,125.4,33.92714,-117.890205,1.372,28,104.0
525,52,89,679.92,125.4,33.927128,-117.890205,1.362,28,104.0
526,51,89,681.03,125.4,33.927116,-117.890205,1.353,28,102.0
527,51,89,682.2,125.4,33.927105,-117.890205,1.344,28,102.0
528,52,89,683.3,125.4,33.927097,-117.89021,1.334,28,104.0
529,52,89,684.27,125.4,33.927086,-117.89021,1.334,28,104.0
530,53,89,685.91,125.4,33.92707,-117.89022,1.325,28,106.0
531,53,89,687.63,125.4,33.92706,-117.89023,1.325,28,106.0
532,53,90,689.08,125.4,33.927048,-117.89023,1.325,28,106.0
533,52,90,690.3,125.4,33.927032,-117.890236,1.325,28,104.0
534,52,90,691.78,125.4,33.927017,-117.890236,1.325,28,104.0
535,52,90,693.47,125.4,33.927006,-117.89024,1.325,28,104.0
536,53,90,695.35,125.4,33.92699,-117.89026,1.325,28,106.0
537,54,91,696.42,125.4,33.926983,-117.89027,1.334,28,108.0
538,54,91,697.81,125.4,33.92698,-117.89028,1.334,28,108.0
539,54,91,699.42,125.4,33.926983,-117.890305,1.334,28,108.0
540,54,91,701.0,125.4,33.926983,-117.89032,1.334,28,108.0
541,55,91,702.65,125.4,33.926987,-117.890335,1.334,28,110.0
542,55,92,704.16,125.4,33.92699,-117.89035,1.344,28,110.0
543,55,92,705.35,125.2,33.926994,-117.89036,1.353,28,110.0
544,55,92,706.42,125.2,33.927002,-117.89037,1.353,28,110.0
545,54,93,707.97,125.2,33.927006,-117.89039,1.353,28,108.0
546,54,93,709.21,125.2,33.927013,-117.890396,1.353,28,108.0
547,54,93,710.49,125.0,33.92702,-117.89041,1.344,28,108.0
548,54,92,711.79,125.2,33.92703,-117.89042,1.344,28,108.0
549,54,91,713.03,125.2,33.92704,-117.89043,1.344,28,108.0
550,54,91,714.37,125.2,33.927048,-117.890434,1.344,28,108.0
551,53,90,715.63,125.2,33.927055,-117.89044,1.344,28,106.0
552,53,90,716.68,125.2,33.92706,-117.89046,1.344,28,106.0
553,52,90,717.72,125.2,33.927067,-117.890465,1.344,28,104.0
554,52,90,719.07,125.2,33.92707,-117.89048,1.344,28,104.0
555,52,90,720.38,125.2,33.927074,-117.89049,1.344,28,104.0
556,52,90,721.46,125.0,33.92708,-117.8905,1.344,28,104.0
557,52,90,722.6,125.0,33.927082,-117.89052,1.334,28,104.0
558,52,90,724.43,125.0,33.92709,-117.89053,1.334,28,104.0
559,52,90,725.6,125.0,33.92709,-117.89055,1.334,28,104.0
560,52,90,726.7,125.2,33.927094,-117.89056,1.334,28,104.0
561,53,90,727.94,125.2,33.92709,-117.89057,1.334,28,106.0
562,53,90,729.32,125.2,33.927082,-117.89058,1.334,28,106.0
563,53,90,730.31,125.2,33.92708,-117.890594,1.334,28,106.0
564,53,90,731.54,125.2,33.92707,-117.8906,1.334,28,106.0
565,52,90,732.81,125.0,33.927067,-117.89062,1.325,28,104.0
566,52,90,734.43,125.0,33.927063,-117.89063,1.325,28,104.0
567,50,90,735.61,125.0,33.927063,-117.89065,1.325,28,100.0
568,50,90,736.85,125.0,33.927067,-117.890656,1.325,28,100.0
569,52,90,738.14,125.0,33.92708,-117.89066,1.325,28,104.0
570,52,89,739.52,124.8,33.927086,-117.89068,1.325,28,104.0
571,53,90,740.99,124.8,33.927097,-117.890686,1.325,28,106.0
572,53,89,742.32,124.8,33.927105,-117.89069,1.316,28,106.0
573,53,89,743.55,124.8,33.927116,-117.89071,1.325,28,106.0
574,53,89,745.14,124.8,33.927128,-117.89071,1.325,28,106.0
575,53,89,746.36,124.8,33.927135,-117.890724,1.325,28,106.0
576,53,90,747.58,124.8,33.927143,-117.89073,1.325,28,106.0
577,53,89,748.6,124.8,33.92715,-117.89074,1.325,28,106.0
578,53,89,749.72,124.8,33.927162,-117.89075,1.325,28,106.0
579,53,89,751.12,124.8,33.927174,-117.890755,1.316,28,106.0
580,53,89,752.63,124.8,33.927185,-117.89076,1.316,28,106.0
581,52,89,753.97,124.8,33.927197,-117.89077,1.316,28,104.0
582,52,89,755.5,124.6,33.927208,-117.89077,1.316,28,104.0
583,52,89,756.5,124.6,33.92722,-117.89077,1.316,28,104.0
584,52,89,757.56,124.6,33.927227,-117.89076,1.316,28,104.0
585,52,89,758.85,124.6,33.92724,-117.89076,1.316,28,104.0
586,52,89,760.04,124.6,33.92725,-117.890755,1.316,28,104.0
587,53,88,761.29,124.6,33.92726,-117.890755,1.316,28,106.0
588,53,88,762.57,124.6,33.92727,-117.890755,1.316,28,106.0
589,53,88,763.8,124.6,33.92728,-117.890755,1.306,28,106.0
590,53,89,764.85,124.6,33.92729,-117.89075,1.306,28,106.0
591,52,88,765.79,124.4,33.9273,-117.89075,1.306,28,104.0
592,52,89,766.66,124.4,33.927303,-117.89074,1.306,28,104.0
593,52,89,767.33,124.4,33.927315,-117.89074,1.297,28,104.0
594,52,89,768.24,124.4,33.927322,-117.89073,1.297,28,104.0
595,52,89,769.49,124.2,33.927334,-117.89073,1.288,28,104.0
596,52,89,771.26,124.2,33.927345,-117.890724,1.288,28,104.0
597,51,89,772.37,124.2,33.927357,-117.890724,1.278,28,102.0
598,51,89,773.42,124.2,33.927364,-117.89073,1.278,28,102.0
599,51,89,774.28,124.0,33.92737,-117.89074,1.278,28,102.0
600,51,89,775.22,124.0,33.927376,-117.890755,1.278,28,102.0
601,51,89,776.23,124.0,33.92738,-117.89076,1.269,28,102.0
602,53,88,777.8,124.0,33.927383,-117.89078,1.269,28,106.0
603,53,88,779.41,124.0,33.927387,-117.89079,1.269,28,106.0
604,53,88,780.86,124.0,33.92739,-117.89081,1.269,28,106.0
605,53,88,782.5,124.0,33.927395,-117.89082,1.269,28,106.0
606,53,88,783.65,124.0,33.927395,-117.89084,1.269,28,106.0
607,53,88,784.77,124.0,33.92739,-117.890854,1.269,28,106.0
608,52,88,786.17,124.0,33.92739,-117.89087,1.269,28,104.0
609,52,87,787.7,124.0,33.927387,-117.89088,1.269,28,104.0
610,52,87,789.14,124.0,33.927387,-117.89089,1.269,28,104.0
611,52,87,790.25,123.8,33.92738,-117.89091,1.269,28,104.0
612,52,86,791.3,123.8,33.927376,-117.890915,1.269,28,104.0
613,53,86,792.53,123.8,33.927372,-117.89093,1.269,28,106.0
614,53,86,794.02,123.8,33.92737,-117.890945,1.26,28,106.0
615,53,87,795.5,123.6,33.92736,-117.89096,1.26,28,106.0
616,53,87,796.79,123.6,33.92736,-117.890976,1.26,28,106.0
617,53,87,798.12,123.4,33.927357,-117.89098,1.26,28,106.0
618,54,87,799.28,123.4,33.92735,-117.891,1.26,28,108.0
619,54,87,800.52,123.2,33.927345,-117.89101,1.26,28,108.0
620,55,87,801.97,123.2,33.927338,-117.89102,1.26,28,110.0
621,55,87,803.06,123.2,33.927334,-117.89103,1.26,28,110.0
622,55,87,804.32,123.0,33.92733,-117.891045,1.26,28,110.0
623,55,88,805.71,123.0,33.927322,-117.89105,1.26,28,110.0
624,54,87,806.92,122.8,33.92732,-117.89107,1.26,28,108.0
625,53,87,808.03,122.8,33.927315,-117.89108,1.26,28,106.0
626,53,87,809.07,122.6,33.927307,-117.89109,1.26,28,106.0
627,54,87,810.75,122.6,33.9273,-117.891106,1.25,28,108.0
628,55,88,812.69,122.6,33.927288,-117.89112,1.25,28,110.0
629,56,87,813.89,122.4,33.927284,-117.89113,1.25,28,112.0
630,56,87,815.12,122.4,33.927277,-117.891136,1.26,28,112.0
631,56,87,816.22,122.4,33.92727,-117.89114,1.26,28,112.0
632,56,88,817.22,122.2,33.92726,-117.89116,1.26,28,112.0
633,56,87,818.41,122.2,33.927254,-117.89117,1.25,28,112.0
634,56,87,819.61,122.0,33.927246,-117.89118,1.241,28,112.0
635,56,87,821.45,122.0,33.92724,-117.8912,1.241,28,112.0
636,56,88,823.2,122.0,33.92723,-117.89121,1.241,28,112.0
637,56,87,824.78,121.8,33.927223,-117.89123,1.25,28,112.0
638,56,87,826.26,121.8,33.927216,-117.891235,1.26,28,112.0
639,56,88,827.46,121.8,33.92721,-117.89125,1.269,28,112.0
640,56,87,828.68,121.6,33.927204,-117.89126,1.269,28,112.0
641,56,87,829.97,121.6,33.9272,-117.89127,1.269,28,112.0
642,56,88,831.37,121.6,33.927193,-117.89128,1.269,28,112.0
643,56,87,832.37,121.6,33.927185,-117.8913,1.269,28,112.0
644,56,87,833.63,121.6,33.92718,-117.891304,1.269,28,112.0
645,56,88,834.99,121.6,33.927174,-117.89132,1.269,28,112.0
646,56,87,836.27,121.6,33.927166,-117.891335,1.269,28,112.0
647,56,87,837.37,121.6,33.927155,-117.89134,1.269,28,112.0
648,56,87,838.87,121.4,33.927147,-117.89135,1.269,28,112.0
649,56,87,840.6,121.4,33.927135,-117.891365,1.269,28,112.0
650,56,87,842.28,121.4,33.927128,-117.89138,1.269,28,112.0
651,56,86,843.75,121.2,33.92712,-117.89139,1.278,28,112.0
652,56,86,845.21,121.2,33.927116,-117.8914,1.278,28,112.0
653,56,87,846.74,121.2,33.927113,-117.89142,1.278,28,112.0
654,56,87,847.77,121.2,33.927113,-117.89143,1.278,28,112.0
655,56,87,849.34,121.0,33.927113,-117.89145,1.278,28,112.0
656,56,87,850.69,121.0,33.927113,-117.891464,1.278,28,112.0
657,56,87,852.22,121.0,33.927113,-117.89148,1.288,28,112.0
658,56,87,853.83,121.0,33.927113,-117.891495,1.288,28,112.0
659,56,87,855.25,121.2,33.927113,-117.89151,1.288,28,112.0
660,56,86,856.28,121.2,33.927113,-117.891525,1.288,28,112.0
661,56,87,857.55,121.2,33.927113,-117.89154,1.288,28,112.0
662,56,86,858.72,121.2,33.927113,-117.891556,1.288,28,112.0
663,56,85,859.81,121.2,33.927113,-117.89156,1.288,28,112.0
664,56,85,860.94,121.2,33.927113,-117.89158,1.288,28,112.0
665,56,85,862.32,121.2,33.927113,-117.891594,1.288,28,112.0
666,56,85,864.1,121.2,33.927113,-117.89162,1.288,28,112.0
667,56,85,865.59,121.2,33.927113,-117.89163,1.288,28,112.0
668,56,86,867.1,121.2,33.927116,-117.89165,1.297,28,112.0
669,56,86,868.66,121.2,33.92712,-117.89166,1.297,28,112.0
670,55,86,869.97,121.2,33.927128,-117.89168,1.297,28,110.0
671,55,86,871.56,121.4,33.927135,-117.891685,1.297,28,110.0
672,55,85,872.68,121.4,33.927143,-117.89169,1.297,28,110.0
673,54,86,873.95,121.4,33.92715,-117.89171,1.297,28,108.0
674,53,86,875.17,121.4,33.92716,-117.891716,1.297,28,106.0
675,52,86,876.28,121.4,33.927166,-117.891716,1.306,28,104.0
676,52,86,877.55,121.4,33.927177,-117.89172,1.297,28,104.0
677,52,86,878.74,121.4,33.92719,-117.89173,1.297,28,104.0
678,52,86,880.2,121.4,33.9272,-117.89174,1.297,28,104.0
679,51,87,881.51,121.4,33.927208,-117.89175,1.297,28,102.0
680,52,88,882.6,121.4,33.92722,-117.89175,1.297,28,104.0
681,53,89,883.91,121.6,33.92723,-117.891754,1.297,28,106.0
682,53,90,885.01,121.6,33.927242,-117.89176,1.297,28,106.0
683,53,90,886.69,121.6,33.927258,-117.89177,1.297,28,106.0
684,52,90,888.84,121.6,33.927273,-117.89178,1.297,28,104.0
685,52,90,890.27,121.6,33.927284,-117.891785,1.297,28,104.0
686,52,90,891.6,121.6,33.927296,-117.891785,1.306,28,104.0
687,52,90,893.31,121.8,33.92731,-117.8918,1.306,28,104.0
688,53,90,895.26,121.8,33.92732,-117.8918,1.306,28,106.0
689,53,90,896.15,121.8,33.927326,-117.89181,1.316,28,106.0
690,53,91,897.14,121.8,33.927338,-117.891815,1.325,28,106.0
691,54,90,898.11,121.8,33.927345,-117.891815,1.325,28,108.0
692,54,90,899.18,121.8,33.927357,-117.89182,1.325,28,108.0
693,54,90,900.42,121.8,33.92737,-117.89182,1.316,28,108.0
694,55,90,901.47,122.0,33.927376,-117.89183,1.316,28,110.0
695,55,90,903.0,122.0,33.92739,-117.89183,1.316,28,110.0
696,54,90,904.35,122.0,33.927402,-117.89184,1.316,28,108.0
697,54,90,905.71,122.0,33.927414,-117.89184,1.316,28,108.0
698,54,90,907.13,122.0,33.92743,-117.89184,1.316,28,108.0
699,54,91,908.27,122.2,33.927437,-117.891846,1.316,28,108.0
700,54,90,909.51,122.2,33.92745,-117.891846,1.316,28,108.0
701,54,91,910.61,122.2,33.92746,-117.89185,1.316,28,108.0
702,54,91,911.99,122.2,33.92747,-117.89185,1.316,28,108.0
703,54,91,913.63,122.2,33.927486,-117.89185,1.316,28,108.0
704,54,91,914.71,122.2,33.927498,-117.89185,1.316,28,108.0
705,54,91,916.21,122.2,33.927513,-117.89186,1.316,28,108.0
706,53,91,917.25,122.2,33.92752,-117.89186,1.316,28,106.0
707,53,91,918.48,122.2,33.92753,-117.89187,1.316,28,106.0
708,52,91,919.74,122.4,33.92754,-117.89187,1.316,28,104.0
709,51,91,921.87,122.4,33.927555,-117.89188,1.316,28,102.0
710,50,91,922.77,122.4,33.927563,-117.89188,1.316,28,100.0
711,50,91,924.04,122.4,33.927574,-117.89188,1.316,28,100.0
712,50,91,925.32,122.4,33.927586,-117.89188,1.316,28,100.0
713,51,92,926.33,122.4,33.927597,-117.89188,1.316,28,102.0
714,52,91,927.52,122.6,33.927605,-117.891884,1.316,28,104.0
715,52,91,928.62,122.6,33.927616,-117.891884,1.306,28,104.0
716,51,92,929.62,122.6,33.927628,-117.891884,1.306,28,102.0
717,51,92,930.91,122.6,33.92764,-117.891884,1.306,28,102.0
718,51,92,932.17,122.6,33.927654,-117.891884,1.306,28,102.0
719,52,92,933.82,122.8,33.92767,-117.891884,1.297,28,104.0
720,52,92,935.09,122.8,33.92768,-117.89189,1.297,28,104.0
721,52,92,936.59,122.8,33.927692,-117.89189,1.306,28,104.0
722,52,92,938.1,122.8,33.927704,-117.89189,1.306,28,104.0
723,51,93,939.54,122.8,33.92772,-117.8919,1.306,28,102.0
724,51,93,940.79,123.0,33.92773,-117.8919,1.306,28,102.0
725,52,93,942.5,123.0,33.927746,-117.8919,1.306,28,104.0
726,53,93,944.05,123.0,33.927757,-117.8919,1.306,28,106.0
727,53,93,945.44,123.0,33.927773,-117.8919,1.306,28,106.0
728,53,93,947.31,123.0,33.927784,-117.89191,1.316,28,106.0
729,53,93,948.34,123.2,33.92779,-117.89191,1.316,28,106.0
730,53,94,949.15,123.2,33.9278,-117.89191,1.316,28,106.0
731,53,95,949.96,123.2,33.92781,-117.89191,1.316,28,106.0
732,53,96,951.35,123.2,33.92782,-117.89191,1.316,28,106.0
733,52,96,952.88,123.2,33.927834,-117.89191,1.316,28,104.0
734,52,96,953.85,123.4,33.92784,-117.8919,1.316,28,104.0
735,52,96,955.48,123.4,33.927856,-117.89191,1.316,28,104.0
736,52,96,957.0,123.4,33.927868,-117.89191,1.316,28,104.0
737,52,96,958.41,123.4,33.92788,-117.89191,1.316,28,104.0
738,52,96,959.75,123.4,33.92789,-117.8919,1.325,28,104.0
739,52,96,960.66,123.6,33.9279,-117.8919,1.325,28,104.0
740,52,96,961.9,123.6,33.927914,-117.8919,1.325,28,104.0
741,52,96,963.42,123.6,33.92793,-117.8919,1.316,28,104.0
742,52,95,964.63,123.8,33.92794,-117.8919,1.316,28,104.0
743,52,96,965.93,123.8,33.92795,-117.8919,1.316,27,104.0
744,52,96,967.17,123.8,33.927963,-117.8919,1.316,28,104.0
745,52,95,968.47,123.8,33.927975,-117.8919,1.316,28,104.0
746,51,95,969.75,123.8,33.927986,-117.89191,1.316,28,102.0
747,51,95,971.01,123.8,33.927998,-117.891914,1.316,27,102.0
748,51,95,971.96,123.8,33.928005,-117.89192,1.316,28,102.0
749,52,95,973.51,123.8,33.928017,-117.89194,1.316,28,104.0
750,53,95,975.38,123.8,33.92803,-117.891945,1.316,28,106.0
751,53,95,976.65,124.0,33.928032,-117.89196,1.316,28,106.0
752,53,95,977.78,124.0,33.928036,-117.89197,1.316,28,106.0
753,53,95,978.77,124.0,33.92804,-117.891975,1.316,28,106.0
754,53,95,980.06,124.0,33.928043,-117.89199,1.316,28,106.0
755,53,95,982.05,123.8,33.928043,-117.89201,1.316,28,106.0
756,53,95,983.54,123.8,33.928043,-117.89203,1.316,28,106.0
757,54,94,985.04,123.6,33.928043,-117.89205,1.325,28,108.0
758,54,93,986.56,123.6,33.928043,-117.89207,1.325,28,108.0
759,54,93,988.1,123.6,33.92804,-117.89208,1.325,28,108.0
760,54,93,989.98,123.4,33.928036,-117.892105,1.334,28,108.0
761,54,92,991.75,123.2,33.928032,-117.89212,1.334,28,108.0
762,54,93,993.78,123.2,33.928032,-117.89214,1.344,28,108.0
763,54,93,995.51,123.0,33.928032,-117.89216,1.353,28,108.0
764,54,93,997.16,123.0,33.928036,-117.89217,1.362,28,108.0
765,54,93,999.03,123.0,33.92804,-117.89219,1.372,28,108.0
766,55,93,1000.51,123.0,33.928047,-117.892204,1.372,28,110.0
767,55,93,1002.01,123.0,33.928055,-117.89222,1.381,28,110.0
768,55,93,1003.15,123.0,33.92806,-117.89223,1.39,28,110.0
769,55,94,1004.29,123.0,33.928062,-117.89224,1.39,28,110.0
770,55,93,1005.5,122.8,33.928066,-117.89225,1.39,28,110.0
771,55,93,1006.66,122.8,33.92807,-117.892265,1.39,27,110.0
772,55,94,1007.79,122.8,33.92807,-117.89228,1.39,28,110.0
773,55,93,1009.04,122.6,33.928074,-117.89229,1.39,27,110.0
774,56,93,1010.07,122.6,33.928078,-117.8923,1.381,28,112.0
775,56,93,1011.22,122.6,33.92808,-117.89231,1.381,28,112.0
776,55,93,1012.51,122.6,33.928085,-117.89233,1.372,28,110.0
777,55,94,1013.75,122.4,33.92809,-117.89234,1.362,28,110.0
778,54,93,1015.08,122.4,33.928093,-117.89236,1.362,28,108.0
779,54,93,1016.61,122.4,33.928097,-117.89237,1.362,28,108.0
780,54,93,1017.79,122.2,33.928104,-117.89238,1.362,27,108.0
781,54,93,1018.99,122.2,33.92811,-117.89239,1.362,28,108.0
782,53,93,1020.29,122.2,33.928116,-117.8924,1.353,27,106.0
783,53,93,1021.19,122.2,33.92812,-117.89241,1.353,28,106.0
784,52,93,1022.31,122.2,33.92812,-117.892426,1.353,27,104.0
785,52,93,1023.29,122.0,33.928123,-117.89244,1.353,27,104.0
786,52,92,1024.56,122.0,33.928127,-117.89245,1.353,28,104.0
787,53,93,1025.63,122.0,33.92813,-117.89246,1.344,27,106.0
788,55,92,1026.8,121.8,33.928135,-117.89247,1.344,28,110.0
789,55,92,1028.37,121.8,33.928135,-117.892494,1.344,28,110.0
790,55,92,1029.67,121.8,33.92814,-117.8925,1.344,28,110.0
791,55,92,1030.71,121.8,33.928143,-117.89252,1.334,27,110.0
792,55,92,1031.85,121.8,33.928143,-117.892525,1.334,27,110.0
793,55,92,1033.52,121.6,33.928146,-117.89254,1.334,27,110.0
794,55,92,1034.98,121.6,33.928154,-117.892555,1.334,27,110.0
795,55,92,1036.52,121.6,33.928158,-117.89257,1.334,27,110.0
796,55,92,1037.52,121.4,33.928165,-117.892586,1.334,28,110.0
797,54,92,1038.87,121.4,33.92817,-117.89259,1.334,27,108.0
798,54,92,1040.22,121.4,33.928173,-117.89261,1.325,27,108.0
799,55,91,1041.55,121.4,33.928177,-117.892624,1.325,27,110.0
800,55,91,1042.92,121.2,33.928185,-117.89264,1.325,28,110.0
801,55,91,1044.69,121.2,33.92819,-117.892654,1.325,27,110.0
802,55,90,1046.09,121.0,33.928192,-117.89267,1.325,27,110.0
803,54,91,1047.67,120.8,33.928196,-117.892685,1.334,27,108.0
804,54,91,1049.05,120.8,33.9282,-117.8927,1.334,27,108.0
805,55,91,1050.36,120.6,33.928204,-117.892715,1.334,27,110.0
806,55,90,1051.75,120.6,33.928207,-117.89272,1.334,27,110.0
807,56,91,1052.98,120.6,33.928207,-117.89274,1.334,27,112.0
808,56,90,1053.86,120.4,33.92821,-117.89275,1.334,27,112.0
809,55,90,1055.18,120.4,33.928215,-117.89276,1.334,27,110.0
810,55,88,1056.53,120.4,33.928215,-117.89278,1.325,27,110.0
811,55,87,1057.68,120.4,33.92822,-117.89279,1.325,27,110.0
812,55,87,1058.7,120.4,33.928223,-117.8928,1.325,27,110.0
813,55,86,1059.76,120.4,33.928226,-117.89281,1.325,27,110.0
814,55,86,1060.99,120.4,33.92823,-117.89282,1.325,27,110.0
815,55,85,1062.28,120.2,33.928234,-117.89284,1.316,27,110.0
816,54,85,1063.61,120.2,33.928238,-117.892845,1.316,27,108.0
817,54,85,1065.19,120.2,33.92824,-117.89286,1.316,27,108.0
818,55,84,1066.21,120.0,33.928246,-117.892876,1.316,27,110.0
819,55,84,1067.45,120.0,33.92825,-117.89288,1.316,27,110.0
820,55,84,1068.57,120.0,33.928253,-117.8929,1.316,27,110.0
821,55,85,1069.77,120.0,33.928257,-117.892914,1.306,27,110.0
822,54,84,1071.08,119.8,33.92826,-117.89293,1.306,27,108.0
823,54,84,1072.43,119.8,33.928265,-117.892944,1.306,27,108.0
824,54,85,1073.9,119.8,33.92827,-117.89295,1.306,27,108.0
825,54,85,1075.32,119.8,33.928272,-117.89297,1.306,27,108.0
826,55,85,1076.63,119.6,33.928276,-117.89298,1.306,27,110.0
827,55,85,1077.86,119.6,33.92828,-117.893,1.306,27,110.0
828,55,85,1079.24,119.6,33.928284,-117.89301,1.306,27,110.0
829,55,85,1080.73,119.6,33.92829,-117.89303,1.297,27,110.0
830,55,85,1082.34,119.4,33.928295,-117.893036,1.306,27,110.0
831,55,85,1083.41,119.4,33.9283,-117.89305,1.306,27,110.0
832,55,85,1084.26,119.4,33.928303,-117.89306,1.306,27,110.0
833,55,86,1085.32,119.2,33.928307,-117.893074,1.306,27,110.0
834,55,85,1086.49,119.2,33.92831,-117.89308,1.297,27,110.0
835,55,85,1087.86,119.0,33.928314,-117.8931,1.297,27,110.0
836,55,85,1089.02,119.0,33.92832,-117.89311,1.297,27,110.0
837,55,86,1090.48,119.0,33.928326,-117.89312,1.297,27,110.0
838,55,86,1091.75,118.8,33.92833,-117.893135,1.297,27,110.0
839,55,86,1092.98,118.8,33.928333,-117.89315,1.297,27,110.0
840,56,86,1094.19,118.6,33.928337,-117.89316,1.297,27,112.0
841,56,86,1095.26,118.6,33.928345,-117.89317,1.288,27,112.0
842,56,86,1096.68,118.6,33.92835,-117.89318,1.288,27,112.0
843,56,86,1097.91,118.4,33.928352,-117.893196,1.288,27,112.0
844,56,86,1099.23,118.2,33.92836,-117.8932,1.288,27,112.0
845,56,87,1100.18,118.2,33.92836,-117.89322,1.288,27,112.0
846,56,87,1101.2,118.2,33.928356,-117.89323,1.288,27,112.0
847,56,87,1102.13,118.2,33.928352,-117.893234,1.278,27,112.0
848,56,87,1102.99,118.0,33.928345,-117.89325,1.278,27,112.0
849,54,86,1104.19,118.0,33.928337,-117.89326,1.269,27,108.0
850,53,87,1105.35,118.0,33.92833,-117.893265,1.269,27,106.0
851,50,87,1106.34,118.0,33.92832,-117.89328,1.26,27,100.0
852,50,86,1108.38,117.8,33.92831,-117.89329,1.26,27,100.0
853,50,87,1109.8,117.8,33.9283,-117.8933,1.26,27,100.0
854,50,87,1111.83,117.8,33.928288,-117.89331,1.26,27,100.0
855,53,87,1113.04,117.8,33.928276,-117.89332,1.26,27,106.0
856,53,87,1114.59,117.8,33.928265,-117.893326,1.269,27,106.0
857,53,87,1116.13,117.8,33.928253,-117.89333,1.269,27,106.0
858,53,87,1117.46,117.8,33.92824,-117.89333,1.269,27,106.0
859,53,88,1118.83,117.8,33.928234,-117.89334,1.269,27,106.0
860,53,88,1119.95,117.8,33.928223,-117.89335,1.269,27,106.0
861,53,88,1121.34,117.8,33.92821,-117.89336,1.278,27,106.0
862,53,88,1122.93,117.8,33.9282,-117.893364,1.269,27,106.0
863,53,88,1124.24,118.0,33.92819,-117.89337,1.269,27,106.0
864,53,88,1125.62,118.0,33.928177,-117.89337,1.278,27,106.0
865,53,87,1126.69,118.0,33.92817,-117.89338,1.278,27,106.0
866,54,87,1127.66,118.0,33.92816,-117.89338,1.278,27,108.0
867,54,87,1128.59,118.0,33.928154,-117.89339,1.278,27,108.0
868,54,87,1129.59,118.0,33.928143,-117.89339,1.269,27,108.0
869,54,88,1130.63,118.0,33.928135,-117.893394,1.26,27,108.0
870,54,87,1131.77,118.0,33.928123,-117.893394,1.26,27,108.0
871,53,87,1133.49,118.2,33.92811,-117.8934,1.25,27,106.0
872,53,88,1134.96,118.2,33.928097,-117.8934,1.25,27,106.0
873,53,88,1136.02,118.2,33.928085,-117.89341,1.26,27,106.0
874,53,88,1137.5,118.2,33.928074,-117.89341,1.26,27,106.0
875,53,88,1138.62,118.2,33.928066,-117.89342,1.26,27,106.0
876,54,88,1139.84,118.2,33.928055,-117.89342,1.26,27,108.0
877,54,88,1141.41,118.4,33.928043,-117.893425,1.26,27,108.0
878,54,88,1142.67,118.4,33.928032,-117.89343,1.26,27,108.0
879,54,88,1143.91,118.4,33.92802,-117.89343,1.26,27,108.0
880,54,88,1145.33,118.4,33.92801,-117.89344,1.26,27,108.0
881,54,89,1146.57,118.4,33.927998,-117.89345,1.26,27,108.0
882,54,89,1148.12,118.4,33.927982,-117.89345,1.26,27,108.0
883,54,89,1149.47,118.4,33.92797,-117.89345,1.26,27,108.0
884,54,90,1150.78,118.4,33.92796,-117.89345,1.269,27,108.0
885,54,90,1152.02,118.4,33.927948,-117.89345,1.269,27,108.0
886,54,90,1153.08,118.6,33.927937,-117.89345,1.269,27,108.0
887,54,90,1154.77,118.6,33.92792,-117.89345,1.269,27,108.0
888,54,89,1156.2,118.8,33.92791,-117.89345,1.269,27,108.0
889,54,90,1157.58,118.8,33.9279,-117.89345,1.269,27,108.0
890,53,90,1158.85,118.8,33.927887,-117.893456,1.278,27,106.0
891,53,89,1159.75,118.8,33.927876,-117.893456,1.278,27,106.0
892,52,89,1160.97,118.8,33.927868,-117.893456,1.278,27,104.0
893,52,89,1162.35,119.0,33.927856,-117.89346,1.269,27,104.0
894,52,90,1163.27,119.0,33.927845,-117.89346,1.269,27,104.0
895,52,90,1164.37,119.0,33.927837,-117.89347,1.269,27,104.0
896,52,90,1165.55,119.0,33.927826,-117.89347,1.269,27,104.0
897,52,91,1167.39,118.8,33.92781,-117.89348,1.269,27,104.0
898,53,91,1168.5,118.8,33.9278,-117.89348,1.269,27,106.0
899,53,92,1169.62,118.8,33.92779,-117.89348,1.269,27,106.0
900,53,92,1170.39,118.8,33.927788,-117.89348,1.269,27,106.0
901,0,92,1170.47,118.8,33.927784,-117.893486,1.26,27,0.0
902,0,93,1170.47,118.8,33.927784,-117.893486,1.26,27,0.0
903,0,93,1171.06,118.8,33.92778,-117.893486,1.241,27,0.0
904,0,93,1171.77,118.8,33.927773,-117.893486,1.204,27,0.0
905,0,93,1172.6,118.8,33.927765,-117.893486,1.194,27,0.0
906,0,92,1173.49,118.8,33.927753,-117.89349,1.185,27,0.0
907,0,92,1174.24,118.8,33.92775,-117.89349,1.185,27,0.0
908,0,92,1174.91,118.6,33.927742,-117.89349,1.176,27,0.0
909,0,93,1175.53,118.6,33.927742,-117.8935,1.157,27,0.0
910,0,92,1175.93,118.6,33.927742,-117.89349,1.129,27,0.0
911,0,92,1175.98,118.6,33.927746,-117.89349,1.092,27,0.0
912,0,93,1176.04,118.6,33.927746,-117.89349,1.036,27,0.0
913,0,92,1176.04,118.6,33.92775,-117.89349,0.961,27,0.0
914,0,92,1176.19,118.6,33.92775,-117.89349,0.0,27,0.0
915,0,92,1176.5,118.8,33.927746,-117.89349,0.0,27,0.0
916,0,91,1176.68,118.8,33.927742,-117.89349,0.0,27,0.0
917,0,91,1177.06,118.8,33.927742,-117.89349,0.0,27,0.0
918,0,91,1177.85,118.8,33.92774,-117.893486,0.0,27,0.0
919,0,90,1179.43,118.8,33.92773,-117.89349,0.0,27,0.0
920,0,90,1179.67,118.8,33.92772,-117.8935,0.0,27,0.0
921,0,89,1179.68,118.8,33.927715,-117.8935,0.0,27,0.0
922,0,89,1179.74,118.8,33.92772,-117.89349,0.0,27,0.0
923,0,88,1179.74,118.8,33.927723,-117.89349,0.0,27,0.0
924,0,87,1179.74,118.8,33.927742,-117.893486,0.0,27,0.0
925,0,86,1179.74,118.8,33.927742,-117.893486,0.0,27,0.0
926,0,84,1179.74,118.8,33.927742,-117.893486,0.0,27,0.0
927,0,83,1179.74,118.8,33.92775,-117.893486,0.0,27,0.0
928,0,82,1179.74,118.8,33.92775,-117.893486,0.0,27,0.0
929,0,82,1180.34,119.0,33.92774,-117.8935,0.0,27,0.0
,,,,,,,,,
